height_above_base_m,mass_per_length_kg_m
0.000000000000000000e+00,1.624913159947512031e+04
4.231142127975824785e+00,1.583272956999014059e+04
9.415244190793986334e+00,1.526602630241223051e+04
1.459934625875376923e+01,1.487758116335898922e+04
1.978344832671355746e+01,1.453407359560298937e+04
2.496755039467333148e+01,1.418724610949433918e+04
3.015165246263311971e+01,1.383701386120411917e+04
3.533575452545127860e+01,1.348328182442318030e+04
4.051985659341107038e+01,1.312594360809041063e+04
4.570395866137084795e+01,1.276488001261254976e+04
5.088806072933060420e+01,1.239995712034628013e+04
5.607216279729038888e+01,1.203102413108348082e+04
6.125626486010855132e+01,1.165791003605268088e+04
6.644036692806835731e+01,1.128042076695979085e+04
7.162446899602814199e+01,1.089833164258114084e+04
7.680857106398789824e+01,1.051138754770504966e+04
8.199267313194766871e+01,1.011927526846343972e+04
8.717677519476586667e+01,9.721660598001084509e+03
9.236087726272563714e+01,9.318034907505125375e+03
9.754497933068540760e+01,8.908052681406417832e+03
1.027290813935035771e+02,8.490501048974672813e+03
1.079131834614633476e+02,8.065912462325438355e+03
1.130972855294231323e+02,7.629173597668468574e+03
1.182813875973829170e+02,7.189128406035244552e+03
1.234654896653427016e+02,6.714214745502671576e+03
1.286495917281608570e+02,6.267195916451746598e+03
1.338336937961206559e+02,5.886681039838191282e+03
1.390177958640804263e+02,5.652088855372746366e+03
1.442018979320402252e+02,5.652082911905989931e+03
1.493859999999999957e+02,5.652082911905989931e+03
